Timestamp,Code_Snippet,Security_Vulnerabilities_Count,Risk_Score,Threat_Type
2025-01-15 15:09:01,Dream accept remember member.,2,3.8202783757391057,No Threat
2025-02-26 06:07:51,Oil argue hotel risk east too.,3,61.5214896596914,SQL Injection
2025-02-04 23:31:42,Manager street sure mouth her.,9,82.80432857742522,SQL Injection
2025-02-26 18:37:22,Grow skin each boy theory.,0,15.750054807580383,No Threat
2025-01-10 19:08:14,System live east source when raise tonight agent.,3,59.433173392659576,SQL Injection
2025-01-12 03:40:31,Arm wonder surface fund ever weight he structure.,9,59.36105444464144,XSS
2025-02-18 12:24:22,Risk one treatment song above notice.,9,16.418496405635874,Buffer Overflow
2025-01-26 10:19:14,Tree begin build your wish prevent.,8,12.346357373073602,Buffer Overflow
2025-01-21 23:00:52,Keep ahead heart.,7,98.00519429764847,Malware
2025-03-01 21:53:13,Performance former product business few anything.,3,39.371916965303754,XSS
2025-02-13 09:34:08,Fish chair ever my huge necessary.,6,22.742172872352928,SQL Injection
2025-02-05 02:44:19,Sign plan color about send.,9,17.132454445437496,SQL Injection
2025-02-17 03:47:01,White once similar bill.,2,66.7601713583235,Malware
2025-02-15 08:12:50,Of somebody boy agent.,8,60.94452973272788,Malware
2025-01-06 03:14:59,Possible institution tell low.,9,64.35521229874175,SQL Injection
2025-02-11 01:40:01,Campaign hospital ten western service really wide.,3,8.800602751145226,SQL Injection
2025-02-05 05:13:07,Bag situation result clear while despite day.,1,89.35345834984369,XSS
2025-02-03 10:46:10,Tough find our relate.,9,38.92663968090483,Malware
2025-01-29 17:35:33,Newspaper arm and thought write better current.,4,31.336940643035792,XSS
2025-03-07 07:06:55,Wrong phone bring response song I.,1,46.23614472477392,SQL Injection
2025-03-07 21:24:03,Study fly song player.,9,39.00660657476283,No Threat
2025-01-30 10:02:09,Machine care enter thousand another long.,5,86.35770031391459,No Threat
2025-02-17 07:54:22,Physical late have response notice daughter.,9,92.92609751978921,SQL Injection
2025-01-18 12:20:21,Certainly group way.,0,30.34532164496062,Malware
2025-03-07 21:26:31,Left which watch one.,5,86.39358074599548,No Threat
2025-01-13 07:11:02,Old throughout box because not.,3,78.15231295330672,Malware
2025-01-27 23:07:57,Money weight smile natural agree.,2,93.08076723447618,No Threat
2025-02-08 02:03:36,Own four own reach.,1,24.575031218588784,Malware
2025-01-05 21:57:07,Political realize design cost.,6,57.695915012097906,No Threat
2025-03-06 09:23:46,Skill help treatment success job both.,8,27.454458474044465,Malware
2025-03-06 01:07:36,Although fire shoulder type single explain operation.,2,82.40944904843742,XSS
2025-01-18 17:39:27,Possible front hotel management.,5,0.5324190571064258,Malware
2025-01-17 14:00:11,Seven artist behavior little wife world.,8,56.48191628863961,XSS
2025-01-06 22:33:46,Prepare continue free Republican out could behavior build.,1,33.9203431271918,XSS
2025-03-04 20:06:50,Safe always toward five grow dream beyond.,6,32.268370707782026,SQL Injection
2025-02-17 04:55:30,Price network professional increase.,4,64.4906323864917,XSS
2025-03-01 01:09:04,Resource hot decade action fine everyone situation.,4,85.1484449313994,Buffer Overflow
2025-02-10 02:44:21,Act look catch line role.,6,60.91953913933262,XSS
2025-02-02 08:31:18,Pass east area condition hard.,8,85.31729786467224,Malware
2025-01-16 22:34:52,Return provide though ability ball.,3,26.459711188102997,XSS
2025-02-19 08:20:43,Paper somebody put fear respond.,8,51.95018547649811,Malware
2025-03-10 05:47:59,Myself prevent none common provide agreement.,9,45.0536539067076,Malware
2025-01-29 19:45:30,Do final subject wind soon travel arrive.,8,1.1644899503096218,Buffer Overflow
2025-03-05 07:10:47,Series age ask drop deal.,3,55.68121431407401,XSS
2025-03-06 16:20:23,Seven cost blood find fire property about contain.,2,66.1524324146175,XSS
2025-01-07 12:04:27,Skin baby include but meet respond form.,1,59.191440441907005,No Threat
2025-02-21 05:29:46,Rise head reduce whose.,8,73.62798987834215,No Threat
2025-01-24 00:46:04,Necessary agreement dog often like price.,1,57.13395284530771,SQL Injection
2025-03-06 17:34:53,Weight each event field animal.,5,6.675025485075691,Malware
2025-02-21 17:27:50,Woman campaign apply other sea culture student.,4,11.644552408471142,Buffer Overflow
2025-01-18 10:53:06,Check operation anything.,4,59.64745775439524,No Threat
2025-03-10 00:52:09,Establish part radio government international.,3,27.49791919736402,XSS
2025-01-16 18:10:31,Black generation wait many baby wife.,5,7.964512903476583,SQL Injection
2025-01-30 14:54:17,Program why blood news better do.,4,42.960274344854675,Buffer Overflow
2025-02-04 07:48:01,Person fast plant wonder charge.,3,55.43225980836554,XSS
2025-01-30 22:06:40,Save reality everyone direction our.,8,32.87459883496066,XSS
2025-01-01 03:04:06,Worker paper later science loss organization.,5,72.04337022257779,Malware
2025-01-28 19:40:22,Result shake structure.,9,64.37706081012446,Malware
2025-02-16 08:07:37,Everyone about keep interview all strong thought space.,9,33.281836109167195,No Threat
2025-02-08 18:26:44,Choice trade one risk rate.,9,75.48725289085606,No Threat
2025-01-03 18:09:41,Citizen on will matter indicate final.,2,64.86950425330355,XSS
2025-01-19 19:07:15,Dream relate around can information could.,9,63.74453787179021,XSS
2025-02-14 02:12:21,Sport entire study.,5,55.342770078706806,No Threat
2025-02-17 08:37:23,Feeling training event not floor option.,0,1.1389668088552796,No Threat
2025-01-18 07:56:04,Every eye course run floor.,4,69.65071834768891,XSS
2025-01-02 12:50:09,Game strong word three remember soon.,9,37.604179110915645,Buffer Overflow
2025-01-29 00:49:50,Green him former paper seek son.,5,94.26097101586556,XSS
2025-01-08 09:02:22,Also its couple wonder site choice the.,7,81.79847710772053,Buffer Overflow
2025-01-16 14:59:34,Hotel during name door benefit manage everybody.,8,58.76944695313122,Buffer Overflow
2025-02-04 03:47:39,Day put lot.,2,25.218198181926944,XSS
2025-02-27 21:52:57,Pick compare age free once miss include why.,1,20.371739327766658,SQL Injection
2025-01-02 13:16:43,Skin worker price.,3,34.03848376775491,No Threat
2025-02-06 13:44:31,Manage may natural page Congress however.,7,47.656794358001854,Malware
2025-01-07 01:46:23,Skill live church strategy dream strong.,7,29.606551003894708,XSS
2025-02-10 16:44:26,Customer specific up above quality magazine.,2,51.49294953924828,Buffer Overflow
2025-02-25 18:58:06,Response us special owner fine team senior.,3,16.537042551318592,XSS
2025-02-03 20:40:10,Next sort both theory discussion responsibility.,2,97.77128128254999,No Threat
2025-02-04 10:55:11,Head finally receive image son different.,9,10.792455496499386,Buffer Overflow
2025-01-26 20:30:22,Particularly at result owner huge.,1,93.1944139654372,Malware
2025-03-05 14:33:26,Tv course opportunity hour information discussion.,3,91.35780114026949,Malware
2025-01-26 11:11:54,Know give response step.,5,52.5360481819498,Malware
2025-02-21 04:59:09,Late education sign book.,4,72.49102718360844,SQL Injection
2025-03-08 12:10:09,Every style smile nothing source ten scene with.,2,43.60482979725878,Buffer Overflow
2025-03-05 07:12:45,Issue trouble onto back.,1,63.00345775424382,Buffer Overflow
2025-02-15 11:36:40,Risk decision model everything.,8,34.05759374211187,SQL Injection
2025-01-09 09:09:36,Act local ready land account poor start.,0,30.115901978544535,Buffer Overflow
2025-01-22 15:44:33,Land color support challenge time ever.,8,57.82297861695137,SQL Injection
2025-01-25 09:13:50,Call parent prove number may reduce show opportunity.,0,49.81296741839804,XSS
2025-02-28 14:43:16,Various local quickly way thought sort a near.,6,57.95363691499811,No Threat
2025-01-03 00:02:25,Pass thousand appear discuss begin past particular.,5,28.6660581287023,Malware
2025-02-10 18:26:00,Member upon individual century account.,6,36.695783181699525,SQL Injection
2025-02-17 11:34:20,Especially skin south role indicate those plan certainly.,2,8.38979606289093,SQL Injection
2025-02-02 00:03:46,Suddenly world expert these long enough worker.,2,5.227637227220572,SQL Injection
2025-02-02 20:18:40,Defense range style.,0,25.345712967301626,XSS
2025-02-24 02:51:02,Against report candidate protect million himself.,3,7.424685933054576,SQL Injection
2025-02-23 22:39:33,Will natural response choice.,1,10.37747086347407,No Threat
2025-01-03 13:41:16,Interesting million thus music sign.,9,81.29284053939371,No Threat
2025-03-04 09:50:41,Agent the purpose hospital attack.,7,3.88736970166893,Malware
2025-01-06 22:10:26,Two team do loss former word specific modern.,2,65.89427939347428,XSS
2025-01-01 22:05:38,Next article seat trade current statement every.,6,27.255774881540052,No Threat
2025-01-17 14:36:25,Outside strategy opportunity change recently.,6,87.15456807081264,Buffer Overflow
2025-01-01 11:06:54,Modern plant learn page religious charge operation.,8,48.49922845774996,Buffer Overflow
2025-01-30 15:49:26,Tell few phone law door true.,5,30.557645932782574,Buffer Overflow
2025-01-15 03:31:15,Yard probably your time money.,0,51.76389356894345,SQL Injection
2025-02-23 00:26:02,Campaign save ready responsibility rule political.,7,38.19580190452688,SQL Injection
2025-02-01 21:50:27,Place list high administration.,0,56.43010646698302,Buffer Overflow
2025-01-30 03:45:25,Yeah us education sure.,2,11.453286832634824,Malware
2025-02-12 05:14:07,Size travel people year war provide couple market.,4,99.69905028125511,Malware
2025-02-04 04:33:35,Consumer kid business give stay impact.,7,42.55558776967175,SQL Injection
2025-01-26 19:28:50,Pm hair thus him close stop.,8,34.82306397073687,Buffer Overflow
2025-03-08 16:06:10,Require argue week stop newspaper indicate.,6,71.02098483162649,Malware
2025-01-09 04:34:51,Key information young hundred nearly.,8,36.389940649533244,SQL Injection
2025-01-14 19:41:52,Develop her appear.,2,83.32743050287577,Buffer Overflow
2025-01-25 17:03:44,Answer account newspaper standard whose least.,4,45.42707243604253,XSS
2025-01-30 13:25:47,Then green draw all white get stuff.,9,71.95584132654349,Buffer Overflow
2025-01-04 00:35:31,Start professor itself claim.,7,10.745321644188655,Buffer Overflow
2025-01-21 03:26:31,Seven heavy soldier drop.,0,84.61191855551118,No Threat
2025-02-14 06:37:53,Work dinner as floor visit when clear network.,7,73.57179867781099,No Threat
2025-01-01 22:53:03,Decade read mind state tend.,6,21.17167784619657,XSS
2025-01-28 16:32:47,Book participant consumer already player mouth choice.,0,14.528600974578666,XSS
2025-02-26 11:18:45,Everybody involve doctor television.,9,31.62923487256244,Buffer Overflow
2025-03-07 17:14:40,Step north others reveal power second they institution.,9,97.60705860319044,Malware
2025-02-28 10:43:27,Street really affect home full account ten tend.,5,25.683157456705864,XSS
2025-01-24 13:45:59,Visit themselves she leave.,0,45.612720894663326,Buffer Overflow
2025-02-13 05:52:45,Wind word state other.,1,3.0020225717336313,SQL Injection
2025-01-05 08:24:15,Assume compare program including maybe.,4,39.72275295662325,No Threat
2025-01-03 20:46:46,Hard white lawyer degree.,1,57.132001543310274,Malware
2025-03-02 22:38:37,I fall industry side new teacher its.,9,95.3124612507965,Buffer Overflow
2025-01-12 20:41:46,Computer culture treatment over rock society politics risk.,0,51.67360449400644,SQL Injection
2025-01-01 03:16:45,Grow reach whether concern.,5,81.91073261776877,No Threat
2025-02-27 09:07:03,Over economy hear.,7,54.712764256890054,SQL Injection
2025-01-23 07:13:46,Any voice heart song instead natural voice.,7,4.07850134355181,Buffer Overflow
2025-02-06 01:30:10,Road eight lay condition leg choice really star.,7,31.500827518977403,XSS
2025-02-21 07:48:11,Production month conference police artist.,5,57.55495078311033,No Threat
2025-01-18 14:52:38,Focus indeed between hand.,2,95.05939659311244,SQL Injection
2025-02-03 21:43:59,Fast catch who Mr thousand commercial determine.,0,85.91303597512334,XSS
2025-02-04 23:36:11,There push audience break occur news.,1,22.835561417884765,Malware
2025-01-25 14:58:52,Miss teach say right north.,4,22.01098300191635,Buffer Overflow
2025-01-19 19:51:59,Reduce beyond exactly director.,9,20.117296711390075,Buffer Overflow
2025-01-17 00:23:48,Suffer speech act.,4,92.24988963025031,No Threat
2025-03-04 07:55:23,Animal either small thus board land law.,9,85.26661531017207,SQL Injection
2025-02-10 17:29:35,Where hair six.,0,77.48834322529487,Malware
2025-02-01 14:39:25,Start group discover section without all.,0,39.27351142242276,No Threat
2025-02-24 17:56:05,Pattern laugh usually this throw me west.,8,50.43807042987668,No Threat
2025-01-10 04:01:52,What center network doctor interest face some.,1,46.43317447951528,SQL Injection
2025-02-07 08:13:34,Attorney either leave father food participant owner.,6,25.339810755937265,Malware
2025-01-13 00:34:47,Minute TV couple current condition.,9,50.502804614876695,SQL Injection
2025-01-24 10:44:39,Difference next free.,3,3.0496547852754463,Buffer Overflow
2025-01-27 16:37:00,Magazine behavior medical after benefit.,6,13.181037349745917,XSS
2025-02-20 20:49:47,Garden common drive prevent remain enough.,7,88.65895961689463,Buffer Overflow
2025-03-08 00:05:10,Figure population owner against mind pull.,4,75.16797670314233,Buffer Overflow
2025-02-08 06:30:54,Generation service mind believe president.,0,42.286840905908704,No Threat
2025-01-19 04:27:48,Police various think probably mission.,3,51.715036228387724,Buffer Overflow
2025-01-25 07:16:17,Medical participant air option phone various such.,9,36.999888595997746,Malware
2025-01-02 23:54:15,Score traditional these dog.,2,74.07798671606724,Buffer Overflow
2025-01-19 05:50:12,Tree buy then summer structure idea everyone.,9,78.41871792320796,Malware
2025-02-27 16:27:52,Involve protect cup than story modern.,4,76.32851902031591,SQL Injection
2025-01-14 19:45:02,Every institution thus buy job single.,9,72.26117248344495,No Threat
2025-01-27 01:53:10,At free child gun.,9,20.450433869279582,Malware
2025-01-25 16:33:57,Wind box gas laugh.,5,33.79699792404788,Buffer Overflow
2025-01-11 07:46:05,State best laugh society.,1,46.98454349836749,No Threat
2025-01-26 15:31:10,Share single serious price writer message method.,6,33.079299142765564,No Threat
2025-01-15 15:47:48,Tell carry clearly ten condition produce customer.,2,75.4940200158329,Malware
2025-02-05 20:28:32,Western college education market surface court.,0,32.935352424995465,Malware
2025-01-06 06:55:54,Eight reason west answer few talk large.,9,13.823208678533716,XSS
2025-01-10 22:24:22,Several doctor teach.,2,39.90404520483041,XSS
2025-01-16 17:11:22,Professional everything interview explain trial property.,8,97.99144327823804,No Threat
2025-02-15 22:09:26,Financial common PM ask message.,9,22.588141293357587,XSS
2025-01-14 11:01:37,Responsibility crime since factor again ever there baby.,5,61.21586589432291,Buffer Overflow
2025-01-26 00:23:53,True some conference entire.,5,43.29730498397063,SQL Injection
2025-02-15 23:06:30,Myself other this politics.,3,7.102456764932663,No Threat
2025-02-21 03:26:09,Drug no team performance live would.,7,48.787660599805946,SQL Injection
2025-02-24 16:16:29,Music model off bad race would else.,4,70.21643286483125,XSS
2025-01-06 19:23:05,Yet computer feeling boy though campaign expert all.,6,51.321997582781876,Malware
2025-01-28 20:42:32,Information account very do employee cover seek.,8,87.21060637465811,No Threat
2025-01-25 22:20:02,A improve your family.,4,28.893701665758265,XSS
2025-01-20 09:12:51,Gas mother set at blood.,4,8.624917130396492,Buffer Overflow
2025-03-02 02:06:55,Take summer daughter reach detail on.,3,93.65656116580061,No Threat
2025-01-20 18:54:43,Whom or everyone threat system tax.,5,37.8196349528219,No Threat
2025-02-13 11:21:16,Including continue discussion despite PM owner fear.,1,57.64055514536334,Malware
2025-03-02 13:05:29,Wonder summer stay hope range other.,2,79.20031261301959,No Threat
2025-01-14 16:06:52,Cup let nearly together song degree.,0,32.43136638755806,Malware
2025-01-26 00:43:17,Economic matter step scene age perform can.,1,71.61645381776111,XSS
2025-02-16 08:53:00,Begin hospital dog born option do ask.,1,13.541884981782804,Buffer Overflow
2025-03-08 08:05:58,Wrong head prove stock know sense.,7,29.129374720550526,Buffer Overflow
2025-01-21 13:07:18,All best suggest new ability whatever describe career.,7,14.47106361365199,No Threat
2025-02-12 11:09:44,Sit relationship with rest.,1,81.12305584013578,No Threat
2025-01-04 22:45:04,Service glass he discussion machine.,5,22.264923522678536,XSS
2025-03-09 07:59:05,Piece black serious science.,4,71.74035554052102,Malware
2025-01-24 22:04:26,Talk class these practice office.,2,94.32983972456526,Buffer Overflow
2025-02-17 15:07:02,Adult part near same.,4,52.7772209068877,Malware
2025-02-13 07:32:58,Also writer by himself field science pretty.,4,54.00291922606877,XSS
2025-02-06 13:03:12,Hour tax room picture push.,4,46.103356809781204,Buffer Overflow
2025-02-06 10:07:27,Food believe local answer produce establish.,2,32.589014339364276,Buffer Overflow
2025-01-04 10:34:59,Peace sister not cell lead girl forget someone.,2,47.56550309249171,SQL Injection
2025-02-03 21:01:06,School everybody scene entire fly play everyone.,3,60.28075322667594,XSS
2025-01-24 10:04:32,Rule increase world school increase force line.,6,98.59915721706594,XSS
2025-01-15 06:32:07,Theory star treatment.,1,93.77645593182243,SQL Injection
2025-03-09 00:29:50,Do which that finish measure political serve.,9,86.21529582931218,Malware
2025-02-21 20:47:57,That few go not indicate.,3,88.91305357048583,SQL Injection
2025-03-09 13:40:33,Interesting result quickly reach certain.,3,46.784918329204295,XSS
2025-01-24 06:39:30,Federal responsibility note rather.,0,65.74443271774648,Malware
2025-01-07 14:03:54,Capital baby medical manage.,9,89.50667229362142,Buffer Overflow
2025-01-16 13:21:22,Why learn determine have.,7,39.295076499135305,SQL Injection
2025-01-15 05:38:04,Might theory let top war lead reach between.,0,96.17624783454688,Malware
2025-02-24 02:49:27,Be way product.,7,41.5786062069183,Malware
2025-01-27 04:17:16,Clear region control analysis.,6,60.10826653932156,Malware
2025-03-10 07:00:07,Use above identify entire other or paper.,8,70.9804713272372,SQL Injection
2025-01-24 01:21:17,Say us animal person say.,7,95.05920130759384,Buffer Overflow
2025-03-01 11:06:53,Safe concern camera magazine.,4,24.461627405226604,Malware
2025-01-29 06:03:39,Name pick than local yard open still possible.,7,74.61309782386422,SQL Injection
2025-03-06 10:46:03,Drug argue nice south six fear phone recognize.,9,52.081558614408216,XSS
2025-01-28 08:26:56,Level look happen.,2,26.855714062064106,SQL Injection
2025-01-25 02:06:27,Try room good picture attention wife.,9,77.66068397963906,SQL Injection
2025-02-06 10:38:19,Stand difference current describe hair grow pay.,6,55.22222801738466,SQL Injection
2025-03-08 10:03:55,General partner bar seven perhaps poor run pay.,3,66.09738206496758,Malware
2025-02-04 05:26:28,Line early employee deep prepare.,4,32.2901068577901,SQL Injection
2025-02-20 05:41:14,Avoid ahead interview theory trade.,8,48.1273951827605,XSS
2025-03-09 03:26:51,Best maybe face.,6,61.73542509880671,Malware
2025-03-02 21:31:31,Stop physical summer such.,3,40.4910814269844,XSS
2025-01-10 10:23:27,Voice four travel instead not hour.,5,19.837253984770133,No Threat
2025-02-26 22:20:39,Sell major paper mention bring science sound strong.,9,96.1640492315304,SQL Injection
2025-02-02 01:07:21,Loss accept alone again member.,6,51.14675400426174,Malware
2025-02-21 09:01:03,Fish town recently down sea plan popular anything.,9,73.39203702877005,Malware
2025-01-13 09:46:08,Bad its ten effect I.,8,41.10471935560581,SQL Injection
2025-01-10 08:52:10,Woman occur picture southern.,3,35.51317640257163,Buffer Overflow
2025-02-04 12:27:04,Himself wait evening tonight.,9,40.7164298467125,Buffer Overflow
2025-01-12 06:50:05,Single around behind game.,2,40.91966437856498,XSS
2025-02-01 08:23:31,Throw boy role final child perhaps.,7,54.418011594195356,SQL Injection
2025-01-24 12:09:39,When doctor away a amount card central Democrat.,0,54.346986998136316,SQL Injection
2025-02-14 02:52:10,Yes skin drive prove water anyone family.,8,49.715381588287165,No Threat
2025-02-21 15:56:51,Professor end choose use mission line example.,0,13.478578491743809,Buffer Overflow
2025-03-08 00:06:11,Hit type within change responsibility meeting.,1,49.607547850053116,Buffer Overflow
2025-01-22 09:18:08,Finally most reflect walk discuss.,7,16.91039004206515,SQL Injection
2025-01-24 04:44:56,Watch off available only pass factor.,8,12.613578629576516,XSS
2025-01-20 02:13:27,Above month cut provide state style along.,6,93.26457173411677,SQL Injection
2025-01-23 07:47:16,Attorney not war add cause son.,2,60.49500131477043,XSS
2025-02-25 23:40:29,Clear director television college as create.,6,65.94900581245842,Buffer Overflow
2025-03-05 22:17:00,Start forward season.,5,40.179367033336376,No Threat
2025-01-13 03:48:54,Degree entire offer science benefit.,1,90.89808919148642,Malware
2025-03-05 22:23:48,Condition candidate on.,2,63.79304895796655,Buffer Overflow
2025-02-14 08:12:15,Audience your blue few.,9,76.91698695235874,XSS
2025-01-27 05:20:28,Likely develop another hour fly task.,9,36.85624690277138,SQL Injection
2025-02-05 11:24:22,Civil military source action.,4,96.00118808191255,Buffer Overflow
2025-02-10 22:10:02,Focus top student national mouth piece during.,9,82.0461290158315,No Threat
2025-01-12 08:56:58,Feeling brother yeah imagine campaign all.,3,85.39484630145436,XSS
2025-01-13 15:56:38,Media himself operation front he sport.,1,17.21942674257543,SQL Injection
2025-02-17 19:43:35,Drop idea can key pay week experience.,3,27.096320787121954,Malware
2025-01-11 09:50:06,Several protect successful mean American box.,7,28.562659968357707,XSS
2025-02-12 11:36:57,Ago sign finally skill add record.,4,27.090922324687117,SQL Injection
2025-02-22 18:45:59,Wife page despite plant top many.,4,85.5408162104288,Malware
2025-01-29 01:43:11,Rise young wind town defense.,9,3.188479520859211,SQL Injection
2025-02-10 06:51:13,Foot morning wonder share participant.,2,7.60999889807743,Malware
2025-02-22 02:42:49,Benefit her board season table box work.,7,27.39148706299037,Malware
2025-01-11 01:46:00,Either daughter company rate already everyone.,5,19.987297464944366,Malware
2025-02-26 05:12:14,Store these notice work.,1,23.185961388284838,SQL Injection
2025-01-25 10:27:13,Old task something Democrat everyone form attorney.,1,79.79431892533,Malware
2025-02-13 05:32:00,Those so early TV summer.,8,56.31265938920469,XSS
2025-01-03 11:04:36,Never close thousand.,6,0.5770661292967993,No Threat
2025-03-04 10:48:51,People fall reach finish.,9,42.932276570419525,No Threat
2025-02-18 02:31:53,Fly social staff figure.,8,40.78849268503589,Malware
2025-01-18 02:25:11,Meeting different water other American ever list camera.,5,11.394526944454352,No Threat
2025-02-07 08:12:13,For space three wish hold sound writer.,4,67.61417886014571,No Threat
2025-02-06 10:42:14,Me history mind.,0,70.20971883794911,Malware
2025-01-08 06:30:29,Notice board special easy.,5,72.08932190520977,Malware
2025-03-09 16:19:54,Old push research federal might billion large author.,5,72.8470945558592,XSS
2025-02-15 11:55:43,Structure debate writer rise long contain yet.,2,0.005282693229680113,Buffer Overflow
2025-01-11 18:50:39,Recognize thus Mrs research among.,2,95.39208038467221,SQL Injection
2025-02-22 03:58:54,Organization while together piece.,2,81.4208767054663,Malware
2025-02-02 06:43:54,Treat or spring nice its left.,2,90.39816965892852,Malware
2025-01-06 02:00:12,Accept book life bring computer ball.,6,1.5643295307434135,No Threat
2025-02-03 04:58:47,Town turn not visit turn bar.,9,93.38587957857393,XSS
2025-01-05 17:26:13,Service reduce home law need design.,1,80.97885286881046,No Threat
2025-01-24 06:46:00,Activity Mr left many any agree.,9,83.72191429586987,Malware
2025-01-10 19:43:12,Care debate air education.,9,9.328738472196852,Malware
2025-01-12 20:55:38,This should education ball son poor.,1,73.87780289185977,No Threat
2025-01-21 03:36:29,Focus fall senior suddenly political.,2,95.9916689642091,Malware
2025-02-19 19:01:33,Practice environmental dinner kid near lead easy.,9,67.85473414181607,Buffer Overflow
2025-01-28 08:02:18,Reduce study put official success contain.,6,57.05614046246065,SQL Injection
2025-01-06 01:43:12,Across audience be executive house cold accept fast.,2,94.5629677748997,SQL Injection
2025-03-01 09:08:49,Sort later into arrive beautiful oil.,6,44.2937121734436,SQL Injection
2025-01-05 16:25:42,Class seem toward small.,8,59.92935663104787,Buffer Overflow
2025-01-08 20:53:25,Sort order window with east.,9,47.63382934943662,Malware
2025-01-30 22:13:31,Owner without mention his.,3,93.28462213602991,No Threat
2025-02-22 11:44:23,Student value instead.,6,7.608472676550726,XSS
2025-02-13 13:09:13,Occur tax discuss over win.,8,50.11197008253482,Malware
2025-02-06 08:20:11,Road politics maintain ten the message.,7,68.69524413854383,Buffer Overflow
2025-01-25 08:47:45,A society provide deep.,7,79.1906538422237,Buffer Overflow
2025-01-10 01:04:07,Significant hotel summer buy alone.,8,58.301864744413635,SQL Injection
2025-03-02 13:05:20,Social lot never stage treatment.,4,90.8917744121454,Malware
2025-01-16 07:08:50,Practice man sing society tree contain.,4,94.19914468838716,SQL Injection
2025-02-08 08:00:27,Once sit live after skin.,2,6.4319223193583515,XSS
2025-01-22 03:03:51,Score support avoid summer picture herself.,4,40.23705395413744,SQL Injection
2025-01-09 03:23:10,Lawyer deep than live truth end indicate tough.,7,2.345902172115444,XSS
2025-01-02 19:42:08,Almost beautiful meet tell strong.,4,32.94166573744429,Buffer Overflow
2025-01-31 08:24:35,Public news plan magazine situation upon.,3,53.68682179706021,SQL Injection
2025-03-03 20:01:55,On edge very church list.,7,91.07949305099488,SQL Injection
2025-01-17 11:57:11,According approach as item discuss hot.,6,84.65543224654029,No Threat
2025-03-04 18:10:51,Democrat available which product idea where stop.,5,12.749972667198573,Buffer Overflow
2025-02-25 21:11:11,Get condition in allow occur personal.,4,9.303037474089571,No Threat
2025-02-28 21:43:07,Occur tree choice high throughout free.,4,58.926733875666706,XSS
2025-01-22 07:54:35,White guess strong there home.,9,53.211797245878266,XSS
2025-02-19 10:53:21,Account space small level often old major.,1,26.637764143002386,Buffer Overflow
2025-01-25 01:40:54,Under prevent appear list take ground citizen.,3,89.94530845538353,XSS
2025-03-01 11:05:33,Difference American bad.,7,92.73664094615535,Buffer Overflow
2025-01-17 21:28:32,Form lawyer community name us despite defense.,7,40.261143834016266,XSS
2025-02-17 04:15:41,Deal just science country concern billion theory force.,0,89.03025571135203,Malware
2025-02-11 15:20:23,Bag resource enter family.,1,38.39488942629726,SQL Injection
2025-01-18 21:47:53,Manage worry little area relationship.,4,73.68168318297002,Malware
2025-02-28 07:42:22,He floor film challenge nor manage difference parent.,8,47.59422175477241,Buffer Overflow
2025-01-06 13:47:05,Page when space.,9,12.258315650718298,Buffer Overflow
2025-02-13 11:47:18,Idea small stop interview.,6,92.79342012370215,Malware
2025-01-17 16:40:54,Consider chair happy issue.,9,45.40965933775366,SQL Injection
2025-01-21 22:28:28,Himself serious total friend each term budget fight.,4,73.44870403224036,SQL Injection
2025-02-18 14:32:15,Professional similar until.,0,36.71738144312921,No Threat
2025-01-28 19:13:18,Church production social discuss own during miss.,5,1.888087857623466,XSS
2025-02-26 22:00:58,Offer magazine think still investment.,7,10.05303586918359,No Threat
2025-03-08 06:13:41,Item project hot.,6,49.62194794899244,SQL Injection
2025-01-14 22:45:46,Her build test truth require sea over.,1,68.99643571263624,Malware
2025-03-02 19:07:50,Child consumer apply gas law whatever.,4,33.473532657927905,XSS
2025-02-20 11:57:48,Find thousand ten life measure indicate simple.,3,69.54884591776504,Malware
2025-01-27 22:05:23,Design fast keep send structure than.,8,69.8635589431956,No Threat
2025-01-17 15:36:24,Face song turn think.,9,70.39359073278308,Buffer Overflow
2025-02-08 08:39:42,Often generation after cause describe officer represent.,0,49.25218540205084,Malware
2025-01-02 00:10:57,Available medical alone town.,5,91.4886150121504,No Threat
2025-03-07 19:57:36,Skin mouth service Democrat why paper modern.,2,48.91965179806156,No Threat
2025-01-27 20:59:35,Every behavior party national fear science opportunity.,8,45.026519349663815,No Threat
2025-02-17 23:36:22,War leg eat push role level.,4,19.9380819010627,Buffer Overflow
2025-02-12 13:33:02,Score theory wind family few lay event yet.,5,30.765508735633652,Buffer Overflow
2025-02-03 14:05:23,Organization democratic those phone region their natural.,8,4.233449251830335,Buffer Overflow
2025-02-28 10:30:18,Good hair point back study speak.,8,63.35352936161702,XSS
2025-01-01 12:32:58,Kind note evening hair.,7,24.853574392709287,Buffer Overflow
2025-02-02 12:25:41,Then fish suddenly against.,8,30.41552544854651,Buffer Overflow
2025-01-15 19:53:10,Machine kitchen coach.,3,77.08145216643211,Buffer Overflow
2025-02-18 12:56:31,Marriage audience act important cut event bank win.,5,32.72211831614539,Malware
2025-03-06 15:08:59,Recognize wish adult political agreement indeed present.,4,24.219589201314218,Buffer Overflow
2025-03-06 07:36:15,Say center chance seven detail watch.,4,16.905774913370575,XSS
2025-01-11 22:28:05,Wall bit authority identify support activity whatever former.,3,77.48584021819559,No Threat
2025-01-03 02:49:49,Write approach reality law sort as be.,1,12.970625799002688,Malware
2025-01-26 19:06:43,Capital affect consider yeah.,5,45.37537602503535,SQL Injection
2025-02-18 00:23:41,Plan near board hand word chance run clearly.,8,50.69301160771944,Buffer Overflow
2025-02-14 12:13:24,Big will management sell door compare.,0,68.73899126857145,No Threat
2025-01-19 06:11:09,Factor doctor fine official cold.,6,63.32834823329955,No Threat
2025-01-19 05:50:08,Sure throughout hope.,5,81.07206729451748,Malware
2025-03-06 21:55:00,My this meeting fly address agreement.,2,4.475143392623815,SQL Injection
2025-02-08 17:01:27,Society actually out year through day senior.,0,29.64407247793972,XSS
2025-03-08 03:18:07,Add with onto model pressure old.,3,28.013411877537976,No Threat
2025-02-22 07:19:27,Wrong bag reason PM record hard others institution.,8,14.601690559210823,No Threat
2025-01-09 10:44:52,Clearly card together return notice.,1,28.917825385644313,No Threat
2025-01-20 04:27:45,Can whose statement human close across.,2,30.976531414290342,No Threat
2025-01-19 21:13:39,Success positive best about television.,1,52.188446192747826,Malware
2025-02-06 15:42:48,No significant sea number among.,1,66.3704478926256,SQL Injection
2025-02-22 05:56:52,Level over professor rise trip.,9,38.110051361181405,No Threat
2025-02-11 18:20:22,Administration sea stage.,7,71.94702313133811,XSS
2025-02-07 06:38:48,Product environmental arm.,2,33.616533857958,XSS
2025-02-01 23:24:53,Order everybody food fund carry blue hope.,6,29.028367731476035,Buffer Overflow
2025-03-01 12:39:39,Three mean economic energy purpose head property.,7,54.11880558570243,No Threat
2025-02-16 19:34:13,World up loss meeting reduce start result.,2,2.3716360305790607,No Threat
2025-02-05 23:28:07,Open fly firm which fine language.,1,7.9789123634000365,No Threat
2025-01-17 20:55:08,Painting eye art music.,7,41.796954358652705,No Threat
2025-01-26 03:16:12,Service include friend music and particularly.,2,94.29127113917565,No Threat
2025-02-22 05:26:50,Window network past.,6,72.15117798434237,XSS
2025-02-15 22:26:08,Water true newspaper ever professor run.,0,8.812656950055775,SQL Injection
2025-01-10 02:00:43,Congress blood away interest few occur big.,5,84.63180127808737,SQL Injection
2025-01-21 10:59:57,Chair law keep enough between them begin.,8,73.2300770608181,Buffer Overflow
2025-01-21 19:10:14,Politics yet author affect bar.,2,61.09465257026532,XSS
2025-01-09 23:51:36,Institution training yourself build.,6,82.02929606091773,No Threat
2025-02-12 02:51:52,Plant buy night ten.,5,40.41098477429571,SQL Injection
2025-01-07 02:31:22,System range time black person.,7,22.150105085385274,Malware
2025-02-26 04:34:15,Republican clearly new degree make.,2,51.20233891087593,Malware
2025-02-09 00:58:13,Test fill score reflect size board I.,2,54.88417555934738,Malware
2025-01-09 09:57:07,Onto me improve government.,3,53.83263720099121,No Threat
2025-02-03 22:38:28,Particularly better clear stay fast all store.,2,56.50737914801053,No Threat
2025-01-21 00:48:33,Foot money this eye safe.,8,94.87049182391807,Buffer Overflow
2025-02-04 06:48:20,Send heart type main though.,3,90.22456230962314,Buffer Overflow
2025-01-14 11:10:00,Wrong similar too security too hair stand pretty.,5,87.57170365589394,Buffer Overflow
2025-01-26 16:59:07,Decision fill fish blue economic.,7,80.14168109086272,Malware
2025-03-03 14:24:05,Address board kid.,7,94.34281072652854,No Threat
2025-01-10 13:59:55,Keep sign receive buy wind.,4,9.849464167940326,Malware
2025-01-08 03:33:58,Record rock room director pick nearly.,4,26.51232614457395,Buffer Overflow
2025-02-02 09:45:13,While deep both whom environmental leg.,5,49.50559456545849,No Threat
2025-02-01 20:28:16,Believe street nation care even light back.,9,84.65344931234053,XSS
2025-02-23 00:36:00,Record case likely human would others Democrat.,6,50.51657115227325,SQL Injection
2025-02-17 16:16:42,Protect fly town different person plan.,9,74.80347393415887,SQL Injection
2025-01-27 22:55:20,State eight true understand language energy.,6,13.895990524891621,Buffer Overflow
2025-03-03 03:26:03,Each note so choose discuss my though personal.,3,25.24138129765602,Malware
2025-02-03 10:35:48,Population evidence collection something.,5,73.17760950376724,XSS
2025-02-16 06:32:12,Order can power.,6,16.473400888772403,No Threat
2025-01-03 08:43:15,Rest before trade.,4,35.135593465492676,Malware
2025-01-23 00:41:39,Foot sign use something drive second join.,4,26.48662578135714,Buffer Overflow
2025-02-18 21:48:21,Ask degree often industry cold.,1,34.98616942224785,Malware
2025-01-05 20:23:14,Market not even best since today.,6,70.83240490779703,Buffer Overflow
2025-01-24 21:36:24,Election treat day evening become.,5,36.7847181142801,SQL Injection
2025-01-18 16:54:26,Action character point wall trial.,0,55.52633226079402,SQL Injection
2025-02-22 18:11:02,Throw who night high upon east.,3,9.993187705440965,Malware
2025-02-27 06:30:57,Leader need movement fire political score.,2,80.50176932346278,XSS
2025-01-13 21:53:28,Student away discover fine none adult line.,2,36.988862564812486,No Threat
2025-02-06 11:37:19,Relate citizen character mention long common cause quickly.,6,64.85341590333424,Buffer Overflow
2025-01-01 12:11:28,Stop answer suffer rich exist box painting.,9,72.53896016618326,No Threat
2025-01-29 21:01:23,Difficult human quality everyone.,3,20.96609221117004,SQL Injection
2025-03-02 06:59:14,Many material example artist leave structure billion pick.,7,88.467498495335,XSS
2025-03-08 02:48:09,Form staff space reason three.,8,61.62242516069529,XSS
2025-01-10 12:48:44,Send myself sign despite green tell.,2,42.87251417514815,No Threat
2025-01-18 00:06:56,One team pull body participant difficult.,4,18.233518357821954,SQL Injection
2025-02-15 09:24:41,Teach plan brother decide despite include.,3,94.23009379012068,No Threat
2025-02-03 17:03:25,Meet human nice new.,9,75.50682041316252,Malware
2025-02-22 06:45:47,Person necessary explain inside.,5,20.802456273324886,XSS
2025-01-19 15:50:38,Change white radio from.,9,33.77107747242245,XSS
2025-03-03 00:26:39,Quickly market pattern true his order.,3,80.96742580880732,Malware
2025-02-06 07:50:07,Fly under property policy table support.,7,69.5677663215339,SQL Injection
2025-01-05 11:13:06,Training PM suffer time physical take opportunity.,2,76.57842927157243,XSS
2025-01-09 16:06:42,Small nation involve lose reality.,4,44.12011022129324,Buffer Overflow
2025-02-23 03:18:36,Financial value challenge note try enter doctor.,0,71.6476262642167,Buffer Overflow
2025-02-09 02:51:48,Range seek happen player front.,5,38.64937228639137,SQL Injection
2025-01-09 19:31:09,Five edge door store though network media look.,4,21.126291693819642,Malware
2025-02-26 05:35:23,Join choice main.,7,63.26770348413599,No Threat
2025-01-19 02:54:16,Interview local social dog bar how.,8,97.60139255987941,SQL Injection
2025-01-17 20:48:43,Standard build whose mother anyone.,7,31.06009713953296,No Threat
2025-01-19 08:19:33,Offer property nature leader article environment lot.,7,46.09695922125396,SQL Injection
2025-01-16 19:39:46,Dinner few generation heavy meet good continue.,2,67.40013710698535,Buffer Overflow
2025-01-24 13:21:45,Throughout recently one cost.,3,54.15062821224878,Malware
2025-01-16 04:31:36,Claim year would lawyer develop believe away capital.,3,84.34277957090492,Buffer Overflow
2025-03-01 03:52:37,Manager husband better decision rich make.,4,76.1742706469516,Malware
2025-02-28 19:15:02,Because party read action decade whom.,8,5.829720386235704,No Threat
2025-02-09 23:54:03,Be truth according tough.,8,99.8421233923774,SQL Injection
2025-02-17 07:37:51,Event parent per soldier him free.,9,75.24024537194673,XSS
2025-02-25 05:18:13,Program tree computer book career hit.,0,86.39033162941132,XSS
2025-01-18 03:22:26,Focus my win sister.,7,65.11977120953463,Malware
2025-02-22 23:32:38,Audience address or majority consider build space.,0,85.62851280467623,Malware
2025-02-19 11:44:22,Research today million there admit amount.,1,11.238297492870942,Buffer Overflow
2025-03-01 08:48:42,Role American senior land.,6,34.77378355593156,XSS
2025-02-03 11:46:25,Any yet possible.,7,87.64209436044928,Buffer Overflow
2025-01-14 07:35:08,Term difference high move important your suffer.,0,20.165521126689224,No Threat
2025-02-06 23:17:56,Prevent performance new.,2,7.824209858002273,XSS
2025-01-21 23:01:21,Dark beat thank site.,6,78.8118939945219,No Threat
2025-01-27 18:59:54,Somebody imagine minute blue drop grow.,8,83.54861556432962,SQL Injection
2025-02-24 08:10:19,Husband spend benefit put.,7,16.26522181899006,Buffer Overflow
2025-02-05 22:47:57,Relationship enter end want four cost several.,7,85.43459827827155,Malware
2025-02-06 11:20:54,Help together suddenly risk our stuff.,8,68.67677955971696,XSS
2025-02-27 19:00:59,Into challenge beautiful she consider produce kind instead.,9,52.00826832165839,Buffer Overflow
2025-01-03 14:52:10,Democrat pretty benefit save food.,2,83.0250192781385,Malware
2025-02-21 18:30:15,Experience you walk personal job school material now.,7,41.92492493189658,SQL Injection
2025-01-22 08:00:01,Contain actually prepare news head save kitchen.,0,19.39939562233972,XSS
2025-01-27 05:39:06,Tv never arm since senior before weight return.,7,28.485267661061364,No Threat
2025-01-20 21:02:06,Each action act do everything few.,6,50.51640182933148,SQL Injection
2025-02-09 17:31:30,Science lay say nature director improve green.,7,53.13307926731758,Malware
2025-02-12 23:31:26,Board born shoulder level lead fly purpose.,0,80.55808264412336,XSS
2025-01-27 21:38:26,State camera act staff people different.,5,79.13527236523345,XSS
2025-03-08 15:40:57,It former dream sort course.,6,58.13665572045748,SQL Injection
2025-01-20 19:51:17,Whatever especially guy attack across.,4,78.07854833654764,XSS
2025-01-12 23:56:14,Star fund allow item control red mean.,4,19.1773458293671,Malware
2025-02-22 03:49:00,Draw friend rate woman range.,6,5.006452709329434,SQL Injection
2025-01-15 22:57:42,Last capital reflect do.,2,87.36338226347002,No Threat
2025-01-17 16:15:42,Company mention shake from security animal radio.,5,7.5554493762769575,SQL Injection
2025-02-15 03:35:33,Else save admit eye senior keep thing business.,6,24.66884297439973,SQL Injection
2025-02-19 15:15:00,Possible hotel above tree.,0,69.53189496243846,No Threat
2025-01-09 22:13:27,Lawyer opportunity billion say mission once computer player.,1,40.94479376273091,Malware
2025-01-11 22:09:18,Water better his reality record apply media above.,3,87.63139699155089,Buffer Overflow
2025-02-03 13:37:07,Protect tough worry factor person both.,7,29.797979466226955,Buffer Overflow
2025-01-15 12:11:17,Whole since wind of them start.,9,1.1871346669359295,No Threat
2025-01-11 03:34:20,Attention structure ask tell.,5,30.06556405607441,Malware
2025-01-27 05:36:14,Mother almost cup maybe medical stop.,0,57.80750491848317,XSS
2025-01-28 13:20:28,Wall response various window.,9,37.59383754032933,No Threat
2025-02-18 17:09:05,Oil public protect available fine college phone wait.,4,53.48727557587553,Buffer Overflow
2025-02-14 04:30:26,Dream record issue book.,6,87.65981188350187,Malware
2025-02-18 09:20:58,Explain full hear military blood.,5,91.24850542303685,SQL Injection
2025-01-03 05:07:07,Put everybody fly upon sing he.,8,26.59740646541121,Malware
2025-01-28 11:53:48,Ground foreign government suggest personal will six art.,7,46.21404732699007,Malware
2025-02-04 12:05:33,System hot nation suggest practice stage.,3,54.91440152414512,Buffer Overflow
2025-01-14 19:19:45,Soon authority high policy light ten home pick.,4,94.9112456888247,Buffer Overflow
2025-03-06 15:39:43,White receive painting field.,6,99.86173191643847,XSS
2025-02-28 04:36:04,Law ground probably.,7,23.540724884152663,XSS
2025-02-09 06:19:40,Every environmental born discussion you home education.,4,72.69798713458154,No Threat
2025-01-17 21:23:08,Never allow list popular history character.,8,37.80310622331952,SQL Injection
2025-02-18 15:39:28,Building provide alone forget.,9,0.8108196886213226,XSS
2025-01-11 15:12:34,Sit plan defense term successful shake.,3,0.9252522435902355,Buffer Overflow
2025-02-03 12:40:42,Think knowledge do behind.,3,46.05660075622558,Malware
2025-02-02 14:41:52,Attention rather enter every its couple.,7,48.833491300433465,No Threat
2025-02-27 03:14:05,Simply account military hard everyone wish summer.,0,2.2569696573442655,XSS
2025-01-17 06:46:10,Data or country century rise total.,7,68.69274167743025,Malware
2025-01-22 21:02:28,Full special goal room course.,4,29.400338859495314,Malware
2025-01-17 23:24:40,Arm conference above someone available inside purpose.,0,55.98931015359494,XSS
2025-02-12 01:41:24,If but bag movie.,3,30.091907316541878,SQL Injection
2025-02-04 05:01:07,Should authority including until management feel.,1,16.71343148693072,SQL Injection
2025-03-02 14:05:29,Finally food mean.,3,40.71737385988753,No Threat
2025-01-08 20:23:11,Pay suggest audience already husband site himself.,7,23.227336479050077,SQL Injection
2025-01-06 09:47:31,Whatever discover quickly could deep state system factor.,4,53.480097691916804,No Threat
2025-02-05 08:55:47,Material policy value enough measure.,0,19.882853028647997,Buffer Overflow
2025-01-01 08:04:38,Between until adult wind.,6,50.840597664462706,XSS
2025-02-11 09:01:47,Including forget at than news participant.,0,15.737851486886756,Malware
2025-01-12 04:15:01,Computer do term police I especially direction.,8,67.09747094857849,No Threat
2025-01-09 13:14:36,Statement success close music music test.,2,75.39376844414241,SQL Injection
2025-02-27 23:40:53,Technology without make reduce I.,2,11.039423424993377,No Threat
2025-02-19 21:47:23,Happen stuff eye piece approach material those.,5,46.78024120373392,No Threat
2025-02-09 14:48:58,Professor crime radio indicate stand your all color.,9,7.087170065487358,SQL Injection
2025-02-28 20:30:15,Black phone shake past commercial reality.,5,59.81824455420024,SQL Injection
2025-01-31 03:28:08,Give your beautiful ability this.,5,26.440429792964537,XSS
2025-01-05 06:59:09,Value trade sometimes surface age state.,0,52.76244568387079,Malware
2025-01-09 14:33:01,Friend risk two knowledge from fly real life.,4,51.746100938429116,XSS
2025-01-24 02:34:04,Peace office up writer sing live dinner.,5,92.43543461938005,XSS
2025-01-28 19:39:31,Forget economic management style.,7,54.90832225687229,SQL Injection
2025-02-23 20:21:24,Community series together green year.,0,58.29984797183157,SQL Injection
2025-01-29 04:06:57,Read short nothing power.,4,40.165312576438026,Malware
2025-03-03 18:44:20,Realize including study.,2,94.90796031828168,No Threat
2025-03-07 05:32:38,Newspaper more total try sport charge.,1,77.71859094396096,XSS
2025-02-02 09:33:43,Television describe practice management student employee.,7,28.540529030284155,Malware
2025-01-16 04:01:13,Nothing consumer follow traditional page.,6,84.42095857762321,XSS
2025-02-18 15:27:57,Safe almost grow.,9,43.239636018508996,No Threat
2025-03-07 11:30:58,Call cell collection physical around read trade choice.,6,82.8667143533594,XSS
2025-02-04 22:07:30,Reason term hot major per back.,4,82.28880682935021,Buffer Overflow
2025-01-15 05:11:53,Often force customer decade drive.,8,18.88701867628544,Malware
2025-02-23 02:12:28,Send those decade activity we.,4,70.1141131383577,SQL Injection
2025-02-12 08:53:53,People administration goal ground suddenly nation star with.,1,29.06429693065311,XSS
2025-01-04 16:59:06,Language require western generation nor something culture it.,2,29.749266999266823,Malware
2025-02-03 09:42:20,Travel middle manager difference by spend recently.,3,29.634807688058075,Malware
2025-02-21 06:43:48,Town marriage little live single.,4,72.55682475599482,XSS
2025-01-08 05:42:36,Administration technology draw pass research.,2,22.982604179253606,SQL Injection
2025-02-26 06:04:11,Ball later well entire.,6,0.09058352460902253,SQL Injection
2025-01-12 07:29:43,Full without them ability happen.,4,71.52368534826331,XSS
2025-02-26 04:48:26,Reason rock all vote me husband later life.,4,17.118474383512527,Malware
2025-02-09 08:13:09,Peace throughout least share no according country.,5,10.448239530783464,SQL Injection
2025-01-20 02:49:23,Return ago final feeling these defense company.,6,23.751612059406014,XSS
2025-03-01 06:22:04,Anyone research none number food professor create south.,9,37.9900522322704,XSS
2025-03-05 17:10:18,Rock stay herself cup rather pressure must.,9,47.59063274732007,XSS
2025-01-28 09:55:00,Likely include man good agent.,7,4.457004071263082,Malware
2025-02-18 14:08:22,Realize speech idea everyone class offer listen.,8,97.05733326273605,SQL Injection
2025-01-21 00:22:05,Early share it anyone fact parent party yes.,3,71.60630534195582,Malware
2025-01-25 04:03:21,Education sign eat far room.,4,32.31940653243362,Buffer Overflow
2025-03-09 10:02:10,Seek certain indeed.,4,31.869725728539734,SQL Injection
2025-02-18 19:49:27,Property single them sea thousand together society.,7,44.85425493684594,Malware
2025-01-19 04:37:57,Almost cut too.,8,62.6244822763033,SQL Injection
2025-01-11 20:02:09,Subject magazine pick early chair dinner choice.,6,14.637306658896776,Buffer Overflow
2025-02-17 23:15:44,These either else heavy traditional floor.,4,18.892981376495232,No Threat
2025-03-07 08:41:23,Thought war official challenge street include newspaper.,2,85.94345828335508,XSS
2025-02-13 00:20:47,Seem page anything someone voice difference.,0,25.625492388907254,Malware
2025-02-10 02:58:14,Occur itself on unit because.,8,38.01949979751775,Buffer Overflow
2025-01-26 22:10:20,Line player fast back.,4,87.12718509501171,Buffer Overflow
2025-02-22 00:28:50,Mrs until trade hotel act.,8,66.31478293998225,SQL Injection
2025-01-09 23:16:44,Explain out community accept measure especially civil.,9,34.171187934168834,SQL Injection
2025-01-19 17:29:58,Economic through get place learn power.,3,68.36995457246208,XSS
2025-01-06 18:10:01,Reality size upon region.,4,1.968321538141371,SQL Injection
2025-01-14 10:04:12,Mind recently base catch nothing develop their.,3,73.56426600113653,Malware
2025-02-14 21:50:30,Enjoy how personal meeting.,1,48.701604051623946,Malware
2025-02-03 00:50:31,Two lay purpose today.,0,81.31821472844612,Malware
2025-01-03 15:54:20,Laugh enough for throw after kid film.,7,95.46376520064683,No Threat
2025-02-15 01:04:39,Writer sound realize majority cost.,3,92.57885494945684,Malware
2025-02-01 17:01:39,Audience just seven improve work.,4,90.92650434553407,SQL Injection
2025-02-21 23:06:09,Money dinner new per level turn boy food.,5,51.21699559338872,SQL Injection
2025-02-22 01:24:44,Adult take indicate hard but should.,7,36.014211413893804,Malware
2025-01-19 23:26:42,Letter trade trip you.,7,46.503532473067274,Buffer Overflow
2025-01-11 16:41:01,Responsibility season official consider shoulder occur.,6,68.98960033133608,Buffer Overflow
2025-02-14 05:37:32,Raise fight stand hair difference.,3,88.39977768711867,Buffer Overflow
2025-03-01 15:51:25,Heavy ok return moment mind operation.,5,20.698630300011956,XSS
2025-02-26 11:39:52,Hit similar avoid.,3,91.8193158461703,No Threat
2025-03-09 10:11:09,Room situation society sense call.,6,81.5180231969889,Malware
2025-01-10 22:04:42,Congress particularly large economic at.,0,97.88560151782346,XSS
2025-02-22 02:19:32,Resource traditional they must likely result.,4,88.02517732816871,Buffer Overflow
2025-01-08 03:47:29,Back risk our behind relate probably.,9,27.993732969190667,Malware
2025-02-25 07:48:19,Social along little ground training while on.,9,10.595591134404769,XSS
2025-03-04 15:08:55,Moment work anyone this.,3,11.224107199158862,SQL Injection
2025-02-27 13:37:03,Out individual information suffer fine democratic range.,6,29.12233185782761,Buffer Overflow
2025-03-06 19:51:34,Political stock find.,8,61.418372398453926,XSS
2025-03-01 20:25:55,Grow question when hope nice church more.,4,80.43203260971725,SQL Injection
2025-03-06 17:44:26,Kind kind room.,3,89.92503069815648,Buffer Overflow
2025-03-09 16:25:38,Who against church interview technology wear along.,8,62.37533843692328,No Threat
2025-02-22 13:53:44,Difficult station also last effort enough whether.,4,0.563131274805373,Buffer Overflow
2025-03-02 08:02:10,Window you cover six add activity rise.,8,18.63167765185335,No Threat
2025-01-18 23:00:14,Standard television wife institution grow piece appear.,7,9.972620385336795,No Threat
2025-01-09 09:18:11,When customer million teach television.,3,36.332447556901,No Threat
2025-03-06 23:24:38,Memory family gun reduce person man.,6,50.13509936337459,Malware
2025-01-16 16:24:56,Quite begin quite board.,4,4.339717857856085,Malware
2025-03-03 04:13:21,Option everyone person huge easy.,9,34.84779757956553,No Threat
2025-01-10 12:20:39,Artist president sea between receive ever fund chair.,3,17.917967462532257,SQL Injection
2025-02-09 16:15:04,Economic entire him.,4,64.70701662588739,No Threat
2025-01-28 19:17:21,Continue experience law remember campaign name.,4,46.427236932434,XSS
2025-01-28 12:54:02,Wide difficult room.,8,49.531764693390876,No Threat
2025-02-15 06:56:39,Opportunity student music local recent sound level.,8,42.76917880334611,Malware
2025-02-13 03:03:29,Agree though future after sea.,5,95.6019710486567,Malware
2025-03-02 16:07:11,Possible account capital treatment by mother.,3,21.473512512156322,XSS
2025-02-15 04:44:34,Plan ago artist cost claim.,1,51.66642598438743,XSS
2025-02-19 13:33:20,Single staff whole activity growth anyone.,2,73.60173683653359,Buffer Overflow
2025-03-02 08:55:56,Lose follow moment chair would need factor.,1,55.684441313456254,SQL Injection
2025-02-24 06:48:42,Light pay hope break stay newspaper.,4,92.90208857168011,SQL Injection
2025-02-09 19:36:32,Add culture however.,5,37.796835564128415,SQL Injection
2025-02-10 16:13:48,Fall someone within north involve.,4,46.3675805773178,Malware
2025-02-01 21:05:31,Although quite less simply animal over.,1,8.852231521472842,SQL Injection
2025-02-02 15:03:02,Better here difference court individual career second.,4,60.89991110519285,Buffer Overflow
2025-02-16 18:01:55,Benefit bag activity loss international individual.,8,28.821196844810604,Buffer Overflow
2025-01-19 07:21:16,Big song bag provide those.,3,16.030903951556887,SQL Injection
2025-03-04 23:24:13,None indeed smile daughter.,9,54.45312929045081,XSS
2025-02-10 22:11:59,Exactly morning how give after.,1,53.23102633799106,Buffer Overflow
2025-01-25 13:01:37,Economic hope image score public.,2,7.587164122404754,XSS
2025-02-18 04:05:17,Front share while such.,2,69.82154534944728,Malware
2025-02-24 08:16:57,Most animal town anything customer Democrat sea box.,8,62.377219065085285,Buffer Overflow
2025-02-20 15:16:13,Full rather each school.,3,18.90172827464972,XSS
2025-01-30 15:52:45,Social one free think rather sit middle likely.,0,46.943486215404384,SQL Injection
2025-02-26 05:58:26,Drug open body social.,0,72.032291647856,Malware
2025-01-01 07:58:11,Market pressure threat blue question determine project.,6,52.94357405412765,No Threat
2025-01-09 05:37:53,Night feel order cut feel.,6,39.54890761835702,No Threat
2025-01-28 18:19:02,Sing certain here speech those.,1,32.233845808094365,SQL Injection
2025-01-16 15:24:32,Again catch both beat.,8,61.039386664405356,Malware
2025-03-06 03:39:53,Hold seem food quickly wind increase.,8,93.91086983102406,Malware
2025-01-24 21:10:55,Whether enter garden may subject example.,4,67.17448404774834,Malware
2025-01-21 15:37:02,Economy impact animal chance always watch.,2,7.474590363631551,Malware
2025-01-06 01:31:53,South street choice change claim far son.,2,46.06849734821338,No Threat
2025-01-25 01:50:00,Mind record significant if pressure clear professor tough.,2,89.08241315106275,XSS
2025-01-18 17:04:37,Light without statement night public budget training.,5,9.446242580108688,Malware
2025-01-20 21:59:13,Woman himself again these long region drug.,3,98.88757121375433,XSS
2025-01-24 14:32:59,Opportunity within simple authority carry attack.,7,94.90693936454213,Malware
2025-01-04 18:27:51,Receive half catch call box.,4,7.827448072987586,Buffer Overflow
2025-02-02 17:03:33,Value music forget you prepare modern.,0,93.3413320449555,Buffer Overflow
2025-03-08 01:16:51,For once many community.,8,36.31325902594622,Buffer Overflow
2025-01-18 00:18:20,Possible old item executive determine training.,0,84.47091670758626,Malware
2025-01-30 06:48:07,It team rise design film college.,5,41.83833377132715,XSS
2025-01-10 07:42:24,Behavior everything so water hair.,0,44.08551127025159,No Threat
2025-03-09 17:29:13,Stuff age box call believe four.,2,63.42430909775426,SQL Injection
2025-02-17 11:30:43,Boy beyond next wait nice strategy.,9,77.44774192759833,No Threat
2025-01-29 12:45:24,Sort around raise by environment quickly.,4,3.3789150948248636,Malware
2025-02-13 13:57:44,Peace floor wonder now job.,9,59.31559955271343,Buffer Overflow
2025-02-10 03:21:22,Live another every evening see avoid husband.,6,18.673299409737098,Buffer Overflow
2025-02-08 15:13:09,Character blue together myself administration lot task go.,9,34.594951786320294,XSS
2025-01-15 18:35:03,Bad several possible pressure.,7,34.79686661552165,Malware
2025-01-28 07:29:15,Mean quite impact democratic book beat benefit.,8,46.906034022115364,No Threat
2025-02-10 17:36:20,There work foreign future.,5,33.41364118761734,Malware
2025-03-04 20:21:51,Large relate accept usually safe.,8,10.736111845066777,Malware
2025-02-09 22:36:37,Bad reach staff they cup magazine.,7,14.562873852545144,Buffer Overflow
2025-03-05 15:08:16,Among situation degree site eat probably.,8,3.343798556109767,No Threat
2025-02-03 12:05:25,World line like difference.,9,47.02490853287543,SQL Injection
2025-02-02 03:32:07,Last discussion wind issue arm tax media conference.,3,95.44476948529885,Buffer Overflow
2025-01-30 08:01:15,Rest drop spend whom fast help experience.,8,11.567522364811655,No Threat
2025-01-12 11:30:43,Structure page your sign market industry describe.,6,94.6264493003082,XSS
2025-02-11 20:45:31,Order second minute.,4,73.33615147320936,Buffer Overflow
2025-03-10 02:45:03,Back century business forget vote American poor cost.,4,63.74988029341632,XSS
2025-01-23 19:07:56,Price right itself after admit board care.,0,64.52777553235629,Buffer Overflow
2025-01-01 20:00:56,Past wide point two.,1,82.67276483962821,Malware
2025-01-02 06:09:57,Fund grow protect each society Mrs forget.,9,10.691986437982138,No Threat
2025-01-26 03:16:20,Sense lose difference piece yeah anything.,2,50.47543235655417,XSS
2025-02-11 06:06:38,Despite hot TV investment central meeting degree.,7,69.70911382607585,Buffer Overflow
2025-03-06 16:15:21,Hope second also.,5,58.682044507356366,XSS
2025-01-19 17:08:42,Both event body artist easy difference.,9,83.27790710232946,Buffer Overflow
2025-01-09 04:19:54,Performance room open very.,4,7.22717090113515,Buffer Overflow
2025-02-27 12:03:17,Open stock five cold risk nearly.,0,69.0701039499166,SQL Injection
2025-02-07 02:03:16,Then capital exist realize away leave former.,8,53.40277303847177,SQL Injection
2025-01-04 22:54:34,Direction yourself human also.,2,37.91608639799434,SQL Injection
2025-03-08 03:32:49,Though music keep example either memory.,2,34.027498223403086,XSS
2025-02-08 18:37:29,Man I west large environment under animal.,1,62.083263277419285,Malware
2025-03-05 18:45:42,Offer door himself sometimes forward space toward poor.,3,89.09953746442648,Buffer Overflow
2025-01-25 23:24:19,Here would arrive there state car.,1,49.61759261011153,No Threat
2025-01-02 17:50:31,Green difficult career special life choose.,8,82.47231640769202,SQL Injection
2025-01-15 00:43:49,Shake able manage movie Congress cut.,9,40.21563818439675,XSS
2025-01-24 06:59:47,Its culture across until.,6,10.239446279317654,XSS
2025-01-17 16:52:10,Cell account cause quickly state politics medical measure.,7,6.1505736458638545,XSS
2025-01-10 06:28:34,Simple including technology man attention.,2,5.1334371323677574,No Threat
2025-02-23 21:01:53,Lawyer fish adult thus.,5,38.015014195766994,No Threat
2025-01-15 10:23:03,Still customer produce major able level.,9,33.72377508358421,SQL Injection
2025-03-03 20:51:30,Tonight let human ready lay mouth.,5,71.79370236225695,No Threat
2025-01-08 17:02:09,Receive news there spring.,0,74.28215015848659,SQL Injection
2025-01-07 17:37:19,Film him pull nature soon by.,5,5.085396883373983,No Threat
2025-02-23 21:32:27,Least institution collection finish manager spend.,2,22.112326288901496,No Threat
2025-03-02 03:02:32,Grow capital why experience production where should fund.,2,27.42618501588997,No Threat
2025-03-07 20:56:18,Important might position political whatever up.,2,54.76119841428094,SQL Injection
2025-02-13 20:19:15,Anyone education country military than.,9,14.451522390695025,Buffer Overflow
2025-03-08 13:06:47,Campaign address national eat evidence ever stock.,9,13.394121940000037,SQL Injection
2025-01-01 18:51:57,Station current happen six should cold minute.,7,94.3788889207958,Buffer Overflow
2025-02-17 09:23:12,Near away should west.,4,80.4202907297781,XSS
2025-02-22 03:49:43,Bar throughout third how financial.,3,18.06549020911703,XSS
2025-02-05 14:46:38,Tree Republican blood experience.,8,40.6567807905491,SQL Injection
2025-02-06 04:57:13,Crime care recognize instead hot according career no.,8,35.56219992575655,Buffer Overflow
2025-02-08 22:31:12,Carry ball little where beat.,0,79.10040740654073,Buffer Overflow
2025-02-22 11:17:02,Finally others course him nearly.,1,51.021291647812205,Buffer Overflow
2025-02-18 06:14:00,Prevent amount officer chance either media behind.,7,12.784973699346702,XSS
2025-03-09 21:08:07,Leave near nature base news.,4,73.89920631562438,SQL Injection
2025-02-28 11:01:55,Provide car campaign message president respond writer.,6,39.68879782249189,Malware
2025-01-19 11:25:29,Whether your democratic physical table market information anyone.,0,26.292424763214704,Buffer Overflow
2025-02-02 10:32:42,Probably that particular.,9,37.54986220207201,Buffer Overflow
2025-01-22 15:17:40,Look improve level position road.,4,49.77565636068964,Malware
2025-02-20 00:24:24,Inside trial require successful.,2,34.311551641700945,SQL Injection
2025-01-11 23:33:39,Fast certainly soldier kitchen.,9,24.190577259175782,Buffer Overflow
2025-02-02 00:58:33,Speak quite cultural window science hear summer.,1,39.85020288039804,SQL Injection
2025-02-08 10:53:41,Account hard choice would lot.,1,1.9172910749898242,Buffer Overflow
2025-02-27 19:34:58,Soldier cell president these.,8,77.24978460963139,No Threat
2025-01-13 04:17:31,Can Mrs represent nearly tend red food.,3,17.09448935675858,Buffer Overflow
2025-01-20 06:59:02,Family poor sign group less.,3,4.390461363063725,No Threat
2025-03-03 01:06:50,Interest wait result assume article truth require.,6,65.36986929050792,SQL Injection
2025-02-04 15:53:19,To season us thing.,9,77.39361288236722,Buffer Overflow
2025-01-28 21:27:54,Skin professor course would only forget real.,9,81.38291315928431,XSS
2025-02-21 02:51:05,Feeling last discussion conference single small.,1,49.35091826605999,XSS
2025-03-02 02:59:19,Life across because radio impact hospital also material.,2,20.53681846899853,Malware
2025-01-01 08:24:19,Machine share positive past apply.,2,73.72276772498267,XSS
2025-01-27 07:42:00,Six several recognize ability.,5,69.97130771543371,No Threat
2025-01-10 09:17:03,Feel government mission share.,2,24.627073410317323,XSS
2025-02-07 16:37:15,Build food reality in hour PM.,4,90.34077558627929,XSS
2025-01-25 09:54:44,Billion everybody exist suffer.,3,10.4371458082829,XSS
2025-03-09 05:39:12,Least here morning hope language wife majority professional.,2,98.26882395913256,Buffer Overflow
2025-02-06 10:55:32,Where hit research his resource floor.,7,86.02478109774646,Malware
2025-01-06 08:46:48,Manager step right remember probably rate.,9,68.78986454790751,SQL Injection
2025-02-27 21:25:49,Cup all his ability.,2,93.87498882798329,Malware
2025-02-26 06:03:04,Take quickly information detail ago.,5,72.23111683237077,No Threat
2025-02-11 15:34:45,Cut including me smile class.,6,19.045699703004594,Buffer Overflow
2025-01-04 09:02:25,Notice season eat.,6,44.21561381128117,Buffer Overflow
2025-03-07 17:14:42,Training response couple according seven.,1,7.150302433163535,XSS
2025-02-02 05:59:43,Management politics north age hope technology nor data.,2,38.96574222881154,XSS
2025-01-02 00:44:11,Recently interview just glass value require she staff.,9,74.16030197372086,No Threat
2025-02-27 10:15:53,Bed realize child speech reflect respond.,9,38.644335093081736,Buffer Overflow
2025-01-19 07:01:39,Environment those group.,3,33.02941754681341,SQL Injection
2025-03-07 13:57:10,Question list full main.,6,59.53557225103119,Malware
2025-01-02 20:51:29,Room need far perhaps pattern again unit.,1,87.2204528998895,Buffer Overflow
2025-02-06 13:12:33,Education job seem main this day.,2,4.7583192546112425,SQL Injection
2025-02-24 12:03:16,Glass your system.,6,38.54704346997354,SQL Injection
2025-03-02 18:23:50,Less look would for keep drug political.,6,15.82407418152627,Malware
2025-03-03 12:55:56,Stage lose computer night short government pay trade.,9,69.53542507318696,SQL Injection
2025-01-29 03:34:19,Time box with he special guess must.,2,10.572456043113487,No Threat
2025-02-23 12:56:27,Home charge evidence six sure trial scene.,0,66.48077585802446,SQL Injection
2025-01-08 15:37:38,Nearly measure focus.,2,28.618087079790733,No Threat
2025-01-04 00:24:56,Quickly unit pay ball newspaper.,4,19.89168137372247,SQL Injection
2025-03-06 12:24:24,Behind result pick senior standard themselves radio.,6,93.63525578249853,XSS
2025-02-28 12:03:36,Modern assume clearly fight great oil general.,3,1.8524576745955867,SQL Injection
2025-01-14 10:37:20,Down watch then few cold identify.,0,43.777727188956895,No Threat
2025-02-01 10:37:34,These quite capital design after wrong.,5,2.162699246179378,SQL Injection
2025-02-18 06:51:47,Sing site end consumer man.,1,48.3593048104329,SQL Injection
2025-03-04 01:14:09,He me child main entire.,2,50.10473777944182,SQL Injection
2025-01-24 23:11:04,So finish many let get debate environment.,3,32.1662471394747,No Threat
2025-02-12 14:20:47,Country people argue nearly group north.,5,13.216177752502368,SQL Injection
2025-02-11 06:51:44,Painting say arm pull.,5,37.63875377344753,Malware
2025-02-27 10:04:58,Opportunity glass what they.,6,67.2262939932566,Malware
2025-02-18 19:35:50,What everyone economic another.,4,78.23958086444591,No Threat
2025-02-17 07:58:44,Former set speech the.,6,53.07506023881423,XSS
2025-03-09 10:48:40,Raise nation garden during old hot student medical.,1,58.98343944397556,Malware
2025-01-22 06:01:25,Page use tough establish coach night.,0,20.06163711246527,Buffer Overflow
2025-01-05 02:57:21,Citizen good join Mr blue theory conference.,9,28.733033322764946,Malware
2025-02-08 12:31:42,Response education better PM style involve.,7,16.18956100523584,Buffer Overflow
2025-01-07 11:20:21,Lay leave sure dog.,0,24.929535000461133,No Threat
2025-01-16 12:42:35,Chance however vote agree something simple.,1,22.488678022553177,XSS
2025-01-02 08:33:26,Staff again leader possible give.,9,51.94487863912376,Buffer Overflow
2025-02-03 01:47:22,Including game step player performance tough music.,5,56.26887557907294,Buffer Overflow
2025-02-22 06:09:02,Develop right live single question director yard matter.,0,94.49474208215045,Malware
2025-01-15 19:43:25,Continue record trouble wrong.,9,19.557064710152304,Buffer Overflow
2025-01-21 04:48:33,Upon door others various.,2,64.1675710161496,No Threat
2025-02-10 21:08:45,Very write before avoid take.,6,81.72592689875229,No Threat
2025-02-18 15:49:15,Rate cell pick successful radio.,7,56.024146378305254,No Threat
2025-01-05 15:51:00,Building minute task throw four.,3,25.50036525010757,Malware
2025-02-27 00:13:58,Recognize wife down his.,2,26.255023002000023,XSS
2025-02-22 07:31:18,Address south real defense common reflect.,0,3.925305307099991,Malware
2025-01-27 03:06:07,Special sea citizen performance month.,8,30.54442265484817,No Threat
2025-03-03 14:27:16,Activity responsibility bill couple national.,9,74.46036790033801,Malware
2025-01-28 01:49:58,Trial would she Republican.,5,4.751775720711038,No Threat
2025-02-28 01:37:21,Reach financial rate life most foreign.,5,21.929528250483067,SQL Injection
2025-01-12 03:14:10,Language southern wait health might everyone.,8,70.6232498531782,SQL Injection
2025-01-19 14:04:49,Thing investment pull friend.,0,78.26515628228766,Buffer Overflow
2025-02-24 17:50:51,Example note their interview.,5,45.53184100619284,XSS
2025-01-18 18:47:12,Add politics specific may my difference.,4,69.80743384786489,SQL Injection
2025-01-17 02:42:51,Pattern thousand today tax hit name in.,5,38.7952168654892,No Threat
2025-01-26 07:00:20,Mission face fire investment.,7,15.991324502412752,Malware
2025-02-12 10:26:06,Half during baby range itself bit finally.,4,39.814949352290654,Malware
2025-02-05 00:50:32,Arm capital your.,1,57.996782020314285,Buffer Overflow
2025-01-10 01:00:55,Company degree offer water address rather fact.,1,94.80532818528903,Malware
2025-02-01 10:43:23,Wife son federal weight everything bad thousand.,9,6.875095208867732,SQL Injection
2025-02-02 07:48:16,Cover special play cell billion.,4,50.73940938449606,Malware
2025-01-08 20:15:20,Door best imagine program old since war.,2,32.89197782107244,SQL Injection
2025-01-03 21:27:53,Citizen break present bill.,9,50.83116942766945,SQL Injection
2025-01-11 23:36:27,Inside majority factor commercial add statement.,2,2.397544737653168,XSS
2025-02-03 21:13:47,Discussion direction respond without spend easy.,7,31.302535470158134,Buffer Overflow
2025-03-03 13:20:32,Each consider group human floor him.,6,81.9868147527005,No Threat
2025-02-25 13:25:37,Give moment some clearly mention.,0,55.39417338546375,SQL Injection
2025-01-15 02:52:43,He responsibility four sell already.,4,45.05824928161174,Buffer Overflow
2025-01-18 10:02:14,Move behind century red direction trip.,8,28.552507171533957,No Threat
2025-02-09 02:03:16,Model how reduce view age exist quality result.,3,29.80425227913559,Malware
2025-02-13 10:52:06,Look name easy rate.,0,38.31014335905844,Buffer Overflow
2025-02-03 14:34:11,Including note analysis that institution traditional.,7,83.55707099645603,Buffer Overflow
2025-02-22 15:33:42,Which point certainly because build.,4,96.72132068082684,Buffer Overflow
2025-02-19 08:54:52,Area sort the special who together.,1,43.865538135037454,Malware
2025-02-01 07:38:35,Talk thank sister benefit.,0,39.33528387477618,Malware
2025-01-08 23:28:03,Pass response across source evening clearly impact message.,2,84.65507758198628,Buffer Overflow
2025-02-18 12:56:24,Someone next nearly task at wear item medical.,8,42.69053206363036,XSS
2025-02-02 17:20:43,Night what discuss officer southern meeting.,0,55.20181722956512,SQL Injection
2025-02-22 05:51:29,Any several huge quite theory past.,3,23.094166459874444,Malware
2025-02-07 13:00:44,Yourself skill report money.,7,74.35025357790752,XSS
2025-01-21 13:23:29,All follow attention style sister leave.,7,53.19883182707819,Malware
2025-01-28 18:58:31,Development film than scientist almost morning.,9,80.90345502403416,Buffer Overflow
2025-01-19 07:24:26,Control move safe eye answer dinner.,7,78.07327300286697,XSS
2025-02-18 15:05:21,Community box discuss whose call.,9,21.500476827002856,No Threat
2025-01-17 20:00:06,Say hour share each.,7,71.56355505577623,SQL Injection
2025-03-02 01:13:43,Information able floor within play drop.,3,80.00544079513713,SQL Injection
2025-01-04 16:54:40,Few night read.,7,34.61072407823951,Malware
2025-02-09 02:44:35,Floor course southern member suggest Congress.,8,17.260911290227455,SQL Injection
2025-02-18 04:39:54,Region provide pay it shoulder very.,6,0.263215557958818,No Threat
2025-02-11 18:53:51,Range report material long foot.,1,45.09036530931482,XSS
2025-01-13 05:24:43,Rather near pay provide focus only region.,8,35.24327315388416,XSS
2025-02-21 02:16:30,Why send local control each bed.,7,55.49098338254089,Buffer Overflow
2025-01-20 12:50:10,Look activity somebody full career here environment.,4,18.804109258878576,XSS
2025-02-01 21:44:00,Evening better think return.,2,85.96655476664752,Malware
2025-01-12 07:05:25,Fire important read.,6,25.775521562810965,No Threat
2025-01-13 03:51:55,Newspaper claim tax meeting surface.,1,22.642960508764997,Buffer Overflow
2025-01-02 18:53:06,Total include discuss someone certain.,2,48.071405648435594,Malware
2025-03-04 08:56:27,Stage everybody suffer he.,8,49.885102374427426,Malware
2025-01-24 17:55:40,Approach interest office seven.,3,21.508522878509282,Malware
2025-02-25 15:50:27,Thank provide report child theory remember worker.,3,27.18607267259158,SQL Injection
2025-02-13 18:07:36,Game husband community education see look.,2,16.970523915524495,Malware
2025-01-11 04:11:06,Avoid close coach for husband live.,4,71.84601783231668,SQL Injection
2025-02-01 05:39:49,After success side.,2,77.0089031254082,XSS
2025-02-16 13:10:56,First hear along keep threat own season maybe.,8,46.23284974592826,SQL Injection
2025-03-03 06:01:04,Staff respond how human exactly man.,2,71.40870226850174,Malware
2025-02-17 13:35:15,Prevent day trial book window control law.,1,73.59353919374455,No Threat
2025-01-05 20:17:24,Plant success base seat drug rich.,4,13.82755276778086,No Threat
2025-01-29 21:45:03,Wait some serve election open time open.,5,96.61780248345367,XSS
2025-02-07 00:41:21,Small teacher near both audience human management.,0,82.1031947096431,Malware
2025-01-16 09:32:03,Far discuss road bad listen.,5,20.44834611958235,SQL Injection
2025-03-07 09:27:14,Order section staff our.,9,18.616503574607023,No Threat
2025-02-08 09:26:19,Most federal third stock teacher.,2,12.566114557958274,Buffer Overflow
2025-02-18 12:36:15,Learn inside plan number evidence raise pay cell.,3,13.837856254191838,Malware
2025-02-08 19:48:49,Actually again wonder commercial.,5,74.81617990286962,Malware
2025-01-08 15:10:45,Simply sound middle song young certain day whom.,7,46.96542569516235,Buffer Overflow
2025-01-08 07:53:00,Heavy cultural Congress program turn.,8,78.29341727398672,No Threat
2025-01-18 20:53:58,Seven without nearly rule determine star.,5,74.62548943502054,Buffer Overflow
2025-01-01 06:36:26,Different church region effect south along bit here.,6,60.46127135052216,XSS
2025-03-07 01:14:40,Environmental may matter could hotel worry.,4,68.63666065786795,SQL Injection
2025-03-10 06:28:15,Fine third mention.,8,1.8355724379141791,SQL Injection
2025-02-25 22:05:27,Imagine significant here summer style country right.,3,31.177764680502197,No Threat
2025-02-10 06:02:56,May opportunity become individual cause.,9,63.78221792594102,Buffer Overflow
2025-02-07 02:51:40,Congress future be.,5,0.9344953486244201,Malware
2025-02-10 16:29:42,Society protect back play and.,4,3.2976943682593407,Malware
2025-02-09 02:03:19,Maybe behind their garden news especially.,0,85.18879824703832,Malware
2025-02-24 02:09:15,Manager suddenly watch economy form.,4,68.40248616920718,XSS
2025-01-18 12:39:21,Wife listen save sound.,4,26.536973312034394,XSS
2025-03-09 07:00:40,Huge against cost soldier speech onto.,8,68.7962840118709,Malware
2025-03-05 11:01:58,Blood lawyer order miss toward to garden.,0,79.24566691392633,No Threat
2025-01-10 18:23:16,Fly behind growth bill include free human ball.,4,30.679428311010128,XSS
2025-02-22 05:01:01,Glass might sound until wait.,6,3.603737749918745,XSS
2025-02-11 20:59:51,Onto out plant.,5,93.27791246877345,SQL Injection
2025-02-26 15:12:04,Beautiful free early.,5,34.51798382956305,SQL Injection
2025-02-18 13:14:09,Tax expect visit wide garden.,6,10.648176328470637,No Threat
2025-02-16 05:55:24,Physical traditional build child arm six east.,5,49.18568713931474,XSS
2025-02-15 02:46:29,Him religious head couple on out.,4,76.84677956641337,XSS
2025-02-26 17:01:37,Play ok color sport develop.,9,22.164731461755917,Buffer Overflow
2025-03-01 13:03:21,Particular eight evening always something election affect would.,4,26.949005013336336,No Threat
2025-01-10 03:41:13,Commercial best laugh since.,8,24.27149867985832,No Threat
2025-02-11 00:13:54,Book whatever level play national event.,7,99.16730528316782,Buffer Overflow
2025-01-11 08:00:57,Best population though research reality.,9,19.740373373054254,Buffer Overflow
2025-01-25 09:18:54,White sure his reflect notice marriage.,3,57.5520216966124,SQL Injection
2025-02-02 19:47:30,Theory player operation among.,3,92.52646416569644,No Threat
2025-02-21 20:59:35,Produce record rather process spring everything.,9,14.689656887777925,No Threat
2025-01-15 07:04:55,Tonight get fund support letter direction compare.,4,97.08541978677002,Buffer Overflow
2025-02-24 07:53:10,Bar fast politics consumer.,2,94.74772343956246,Malware
2025-01-22 12:31:57,Try until perform happen nation language.,7,88.45719870582626,Malware
2025-01-20 13:09:44,Others foreign debate western.,6,21.455652133000225,SQL Injection
2025-01-29 09:37:08,Never for simple long rate process foreign image.,4,63.405505601098334,Malware
2025-02-03 08:20:24,Example a sometimes hair section always down.,9,76.08914729612401,Malware
2025-01-02 21:01:32,Fast so school almost which option.,2,98.60279281964297,Malware
2025-01-04 10:39:07,The green again represent.,4,18.04238220813704,XSS
2025-03-09 16:38:53,No security speak view life.,2,76.60258995192964,SQL Injection
2025-03-01 09:21:06,Market religious green recent sport form.,9,33.880116992711294,Buffer Overflow
2025-01-27 02:46:05,Move today over stay turn political.,4,17.56264655680023,Malware
2025-02-19 17:23:34,Election affect look win natural.,0,42.13769412138549,XSS
2025-01-26 02:55:08,One assume firm stop history.,5,79.38359121486164,Malware
2025-02-11 00:22:08,Plant lead of owner.,9,46.48498037040522,XSS
2025-03-06 15:56:20,Quickly bring tend capital TV half miss.,3,53.75231002030485,SQL Injection
2025-02-23 08:31:30,Group address poor wide message.,3,99.51594102001212,Malware
2025-03-01 12:31:08,Agent might defense budget.,7,39.9109299557426,XSS
2025-01-17 02:23:15,Other voice yourself sense common hold.,1,61.54007547092398,No Threat
2025-02-20 04:33:28,Growth lot what seat.,3,36.524420161537186,No Threat
2025-02-12 18:05:56,Stand word board.,1,39.27856463287049,XSS
2025-02-26 10:10:36,Save specific red try trouble.,0,69.56407534454081,Malware
2025-01-14 14:24:12,Attack manager western.,9,93.78869760948835,Malware
2025-01-28 23:18:07,Billion should material care stock us.,2,54.23589504923214,SQL Injection
2025-01-29 19:24:28,Poor like up language lead feeling.,7,76.83999289487798,SQL Injection
2025-01-14 02:50:26,Fear young fish training.,5,8.920655881696382,Buffer Overflow
2025-01-06 18:25:28,His organization relate personal able gun too.,6,21.115803743192696,SQL Injection
2025-02-01 23:19:10,Form eye especially.,1,50.213164091953246,Malware
2025-03-04 09:41:39,Forward act they different character data.,5,2.001172362877479,Buffer Overflow
2025-02-04 05:25:00,Community difficult star national produce less.,7,25.28549787625588,SQL Injection
2025-02-10 04:32:41,Order very issue home only kind particularly.,7,51.740128982496614,XSS
2025-01-17 04:52:58,However school under perhaps future police rise.,3,1.4961198256300712,No Threat
2025-02-28 12:22:24,Around record rather produce approach outside long scientist.,5,26.45462862260417,SQL Injection
2025-02-12 12:46:19,World join discuss movement whether population deal.,4,51.40308194758695,SQL Injection
2025-01-25 03:03:30,Pm specific far inside choice building.,8,57.314924798124565,XSS
2025-02-02 00:44:03,Wide employee poor president when book.,7,92.57516930553055,Malware
2025-02-05 05:43:33,Who lose institution staff stuff treat worker.,1,64.53456232506079,XSS
2025-01-17 00:17:41,Blood answer during time manage write.,6,41.473580252999376,SQL Injection
2025-02-10 13:10:40,Down executive especially find letter growth.,6,93.03511771330678,Malware
2025-01-13 17:07:11,State difference believe.,0,78.48829833877943,Buffer Overflow
2025-03-05 12:45:13,Under discover society official floor buy loss.,0,20.00089211127476,SQL Injection
2025-01-24 23:05:34,Street add take capital.,3,13.084236134881976,XSS
2025-02-09 09:10:40,Newspaper star environmental indeed certainly.,4,67.58116357427329,Buffer Overflow
2025-01-07 16:02:41,Plant place huge society democratic player.,3,55.98831655769838,No Threat
2025-01-11 20:42:03,Election cultural discussion when both do air indicate.,6,78.96736137927557,Buffer Overflow
2025-03-07 02:06:00,American break thing its.,2,73.88050500786865,XSS
2025-01-22 05:00:04,Somebody decision large describe she summer main list.,6,62.521153385751504,Buffer Overflow
2025-02-03 20:02:30,Game return style want growth low.,7,98.63821716288922,XSS
2025-02-25 04:53:37,Grow life authority civil least sure understand.,5,53.35897301104087,SQL Injection
2025-02-27 21:23:33,Could this remember general voice rock society improve.,5,11.310575650171984,Malware
2025-03-06 22:10:53,Mean begin even response today.,7,82.82735648159884,No Threat
2025-03-09 03:39:31,Dream themselves technology single may hold allow.,7,25.185336234570897,Malware
2025-01-21 12:54:54,Address wrong only short perform decade true.,6,77.73021481439183,Malware
2025-01-15 05:53:00,Avoid suddenly city enough.,5,95.71070960000515,Malware
2025-01-21 16:46:28,Quite who music still few some.,5,69.67955139643412,XSS
2025-01-18 19:19:26,Indeed likely consider building day upon administration.,9,59.60301609498011,XSS
2025-02-18 16:38:33,Long baby very herself join personal.,5,46.03861756750406,No Threat
2025-01-29 05:11:07,Investment anything trade more anything.,7,36.440986599540324,XSS
2025-02-17 15:10:57,Idea ago blue forget child need everyone.,0,35.30047509718363,XSS
2025-02-19 03:08:10,Letter land turn.,4,63.63727057095906,XSS
2025-02-13 21:54:16,Success film offer before represent remain.,2,75.12731169377459,XSS
2025-01-06 20:13:22,Born total sign.,7,67.85170694844143,SQL Injection
2025-02-22 07:41:21,Include environmental protect brother interest government item.,5,19.841010119356273,No Threat
2025-01-13 12:44:29,Future state these before send cold.,1,49.39871801434912,XSS
2025-02-19 05:07:36,Side certain road surface figure machine.,6,79.1640072183063,No Threat
2025-01-09 21:45:31,Kid realize find cut.,6,47.57040781890562,Buffer Overflow
2025-02-20 01:55:11,Class people age set generation both.,4,53.66232797354938,SQL Injection
2025-03-08 22:35:44,Rich increase why very need.,7,77.11360481708222,XSS
2025-02-01 10:32:52,Think tough watch behind.,4,66.12653062650915,SQL Injection
2025-02-21 19:58:26,Ago certainly even major respond several above.,0,40.93449208823926,SQL Injection
2025-01-25 03:07:24,Economic part measure believe.,8,89.54127111942189,Buffer Overflow
2025-03-02 21:39:03,Already myself cut institution performance free.,3,16.25670686634786,No Threat
2025-03-09 13:04:51,A scene learn boy.,1,99.55164485903248,SQL Injection
2025-01-26 08:31:23,Save food camera what minute your fire hope.,3,11.88525784762372,Malware
2025-02-10 12:34:49,Certain soldier than season personal better big.,8,1.4949971104238902,Buffer Overflow
2025-02-17 05:53:29,Bad also one indeed field there guess.,1,89.00189011487647,Malware
2025-03-05 06:00:28,Task walk with pattern.,3,24.49535083659561,Buffer Overflow
2025-02-13 11:10:45,Look special wear natural explain bar I character.,1,72.96996274467209,Malware
2025-02-27 08:05:00,Own case painting relate offer area.,4,81.10153749320693,Malware
2025-02-08 01:30:23,Choice among husband school across while year.,2,85.89863910321168,SQL Injection
2025-01-13 03:27:43,Agency return assume you once resource.,9,99.15942356641668,SQL Injection
2025-02-23 20:54:43,Performance just fine much page vote.,1,29.403971003999906,Buffer Overflow
2025-02-18 10:17:05,Vote fast capital suggest still whose.,8,71.02433419272592,No Threat
2025-01-06 19:35:48,Over open wait series true.,4,11.539985828082822,SQL Injection
2025-01-19 10:37:54,Eye determine season future end.,9,40.68092913568494,SQL Injection
2025-01-10 22:26:18,Commercial why mention response change if reality.,4,84.79716933125904,XSS
2025-02-12 06:30:31,Put car month build.,0,36.76580460591084,SQL Injection
2025-01-11 21:50:06,Evidence camera individual issue behind.,5,59.10953805356141,No Threat
2025-02-07 04:00:22,Moment but economy order.,6,50.377344372463405,XSS
2025-01-29 14:13:11,Recognize at actually science able tax nothing.,0,64.59515311120451,Malware
2025-01-21 21:32:08,Letter example idea easy reflect.,8,97.28943893876949,Malware
2025-01-23 03:36:57,Shoulder matter almost form Democrat.,7,5.573552650140212,XSS
2025-02-03 05:42:09,Perhaps hair about democratic answer.,7,57.39615175016297,XSS
2025-02-18 03:03:50,Rule even free.,6,86.30287792502848,XSS
2025-01-17 00:05:08,Easy trial mouth strategy three when.,4,48.13827117484275,Buffer Overflow
2025-01-31 02:22:30,Law wish consider carry.,2,7.852718594157282,No Threat
2025-02-26 04:25:08,Or western tonight system.,8,56.05393524167709,No Threat
2025-02-27 04:53:54,Chance friend majority push PM nice.,6,33.20738908238204,Malware
2025-01-24 23:42:34,Method evidence measure.,9,15.49417853379359,Malware
2025-02-14 14:06:10,Resource ahead mission how us.,9,84.9034513283473,Malware
2025-02-18 03:39:47,Forget about reflect reach senior.,7,52.15995129911216,SQL Injection
2025-01-02 05:28:14,Perhaps protect single capital pressure simply.,5,93.32764123790666,Malware
2025-02-16 06:16:09,Community provide free figure sister bed material.,4,80.6016504603069,XSS
2025-02-07 12:36:55,Ground manager drug reflect.,7,69.29717937736673,Malware
2025-02-05 22:39:22,Test sometimes try program hour data.,2,0.5025503365311934,XSS
2025-02-16 01:40:41,Peace director soldier possible friend.,6,42.782345663825,Buffer Overflow
2025-02-08 22:14:22,Relate myself may weight surface watch house.,1,19.74862816520323,SQL Injection
2025-02-28 06:58:50,Environment seem Mrs rather.,2,91.07979110488678,SQL Injection
2025-01-13 12:24:04,Wish choose article either.,1,17.458398467636027,No Threat
2025-01-16 00:43:38,Peace magazine bad fear dream strategy.,4,28.60600516592855,Buffer Overflow
2025-01-31 10:53:46,Help prepare hand weight this again.,6,51.68367677344992,XSS
2025-01-21 12:14:15,First stand commercial movement deep.,9,26.336361899807926,Buffer Overflow
2025-03-07 00:18:52,Million market someone free.,9,20.986467727912117,SQL Injection
2025-02-25 17:57:08,Charge Republican concern much area then.,0,59.90993251027524,XSS
2025-01-24 02:33:29,Sister baby edge under leader glass ok.,9,8.892952275502386,Buffer Overflow
2025-01-01 18:58:38,Southern it yourself knowledge.,8,5.816775872092473,SQL Injection
2025-01-19 06:11:46,Probably head they choice father box.,0,37.22452951860714,XSS
2025-01-15 18:53:05,Always base risk machine billion.,0,72.06644545078623,XSS
2025-01-31 22:56:23,Memory strong record wife cultural land campaign.,9,55.4806758273948,SQL Injection
2025-02-28 08:03:33,Work pressure listen able.,7,42.28764684667789,XSS
2025-01-11 02:00:05,Push next writer year because memory type.,5,56.57515642245824,SQL Injection
2025-02-28 09:45:38,With she almost professor.,5,36.54514846532736,Malware
2025-03-10 05:45:24,Street soon member go young lay wife adult.,8,93.61463354321128,Malware
2025-02-15 06:22:28,Far into nature third.,3,5.490489091077433,XSS
2025-02-23 18:54:03,Interest cause know manage science interesting car.,7,67.33914790298353,XSS
2025-01-08 19:13:26,Tell place collection color surface live.,3,89.12826648277505,SQL Injection
2025-02-10 19:14:15,Project provide relate above how.,1,80.38847087352534,XSS
2025-03-03 00:36:41,Scene manager up culture some reduce reveal.,7,18.404103482144674,No Threat
2025-02-05 20:16:14,Friend meeting statement focus.,6,29.592634898028834,Malware
2025-03-03 21:14:17,Because not while suggest business describe lot.,3,71.70479387071047,XSS
2025-01-09 07:23:20,Buy able probably realize.,8,8.427055918076555,XSS
2025-02-14 22:59:14,Yes tonight board heart.,8,81.18616998325841,Buffer Overflow
2025-02-13 12:44:48,Smile speech green beautiful kitchen close increase white.,7,71.89069446047903,XSS
2025-02-19 01:02:41,Training hot yard sure.,0,72.96066492353425,No Threat
2025-03-04 16:59:04,Campaign friend report activity option design blue.,6,10.024137026759139,Malware
2025-01-11 18:45:36,Eye work candidate poor house.,4,71.77605448162309,Buffer Overflow
2025-01-16 16:16:56,Officer our attention condition.,6,67.981812521997,SQL Injection
2025-02-26 23:02:17,Generation strategy after inside in off land.,8,83.09224908218505,SQL Injection
2025-03-07 07:00:22,Attention star possible civil throughout single product camera.,1,4.159595625646951,Malware
2025-01-01 20:11:33,Time response in however phone since one.,3,2.3110668467792195,SQL Injection
2025-01-30 02:10:08,Should recognize seven reduce ago hold agree.,3,37.300709987856074,No Threat
2025-01-26 12:59:07,Mind bed own interview rock happen agreement defense.,1,14.878828384915288,XSS
2025-02-21 16:07:28,Set least tough.,2,55.838447757022195,Malware
2025-02-25 05:19:25,Home station assume black.,7,91.73489015067489,Buffer Overflow
2025-02-27 13:54:28,Yes old series ability there.,8,39.14797303340157,XSS
2025-02-22 14:29:01,Include quality treatment no place surface.,5,84.49503772726041,SQL Injection
2025-02-26 21:53:21,Start also he law.,9,0.024087451786647396,SQL Injection
2025-02-21 16:04:06,Try grow local condition staff.,1,16.851464345918423,Buffer Overflow
2025-03-05 16:13:12,Anything matter suddenly south image catch minute.,1,3.042353965408562,No Threat
2025-03-07 03:37:19,Each leader property as war wish.,6,32.814718051506865,Buffer Overflow
2025-01-13 15:03:33,Since authority system development organization knowledge book.,7,90.81895956965027,Malware
2025-03-04 19:01:01,Type those whose learn few.,7,9.695212359898775,Buffer Overflow
2025-03-03 20:14:40,Whatever go ground special tree.,5,60.64097767438004,SQL Injection
2025-02-23 03:04:27,Establish only child door camera.,9,45.14959391194442,No Threat
2025-02-12 23:46:53,The line once our.,7,93.84682123658125,No Threat
2025-03-04 06:27:32,Agent officer know building.,0,12.251914253709383,Buffer Overflow
2025-01-11 12:39:05,Realize hot upon.,8,21.202785050222893,Malware
2025-02-02 02:35:59,Relationship and eye just mouth apply.,0,2.9541968611493274,SQL Injection
2025-02-16 17:56:22,Traditional risk star teacher.,2,43.393524963137374,XSS
2025-02-26 11:32:18,View the tell city address son strategy.,8,27.783289956465428,No Threat
